,int,ple,dec
1,"ExtraTreesRegressor(bootstrap=False, ccp_alpha=0.0, criterion='mse',
                    max_depth=None, max_features=None, max_leaf_nodes=None,
                    max_samples=None, min_impurity_decrease=0.0,
                    min_impurity_split=None, min_samples_leaf=1,
                    min_samples_split=2, min_weight_fraction_leaf=0.0,
                    n_estimators=5, n_jobs=-1, oob_score=False, random_state=0,
                    verbose=0, warm_start=False)","RandomForestRegressor(bootstrap=True, ccp_alpha=0.0, criterion='mse',
                      max_depth=10, max_features=100, max_leaf_nodes=None,
                      max_samples=None, min_impurity_decrease=0.0,
                      min_impurity_split=None, min_samples_leaf=1,
                      min_samples_split=2, min_weight_fraction_leaf=0.0,
                      n_estimators=5, n_jobs=-1, oob_score=True, random_state=0,
                      verbose=0, warm_start=False)","RandomForestRegressor(bootstrap=True, ccp_alpha=0.0, criterion='mse',
                      max_depth=10, max_features=500, max_leaf_nodes=None,
                      max_samples=None, min_impurity_decrease=0.0,
                      min_impurity_split=None, min_samples_leaf=1,
                      min_samples_split=2, min_weight_fraction_leaf=0.0,
                      n_estimators=5, n_jobs=-1, oob_score=True, random_state=0,
                      verbose=0, warm_start=False)"
2,"ExtraTreesRegressor(bootstrap=False, ccp_alpha=0.0, criterion='mse',
                    max_depth=None, max_features=None, max_leaf_nodes=None,
                    max_samples=None, min_impurity_decrease=0.0,
                    min_impurity_split=None, min_samples_leaf=1,
                    min_samples_split=2, min_weight_fraction_leaf=0.0,
                    n_estimators=5, n_jobs=-1, oob_score=False, random_state=0,
                    verbose=0, warm_start=False)","RandomForestRegressor(bootstrap=True, ccp_alpha=0.0, criterion='mse',
                      max_depth=10, max_features=100, max_leaf_nodes=None,
                      max_samples=None, min_impurity_decrease=0.0,
                      min_impurity_split=None, min_samples_leaf=1,
                      min_samples_split=2, min_weight_fraction_leaf=0.0,
                      n_estimators=5, n_jobs=-1, oob_score=True, random_state=0,
                      verbose=0, warm_start=False)","RandomForestRegressor(bootstrap=True, ccp_alpha=0.0, criterion='mse',
                      max_depth=10, max_features=500, max_leaf_nodes=None,
                      max_samples=None, min_impurity_decrease=0.0,
                      min_impurity_split=None, min_samples_leaf=1,
                      min_samples_split=2, min_weight_fraction_leaf=0.0,
                      n_estimators=5, n_jobs=-1, oob_score=True, random_state=0,
                      verbose=0, warm_start=False)"
3,"ExtraTreesRegressor(bootstrap=False, ccp_alpha=0.0, criterion='mse',
                    max_depth=None, max_features=None, max_leaf_nodes=None,
                    max_samples=None, min_impurity_decrease=0.0,
                    min_impurity_split=None, min_samples_leaf=1,
                    min_samples_split=2, min_weight_fraction_leaf=0.0,
                    n_estimators=5, n_jobs=-1, oob_score=False, random_state=0,
                    verbose=0, warm_start=False)","RandomForestRegressor(bootstrap=True, ccp_alpha=0.0, criterion='mse',
                      max_depth=10, max_features=100, max_leaf_nodes=None,
                      max_samples=None, min_impurity_decrease=0.0,
                      min_impurity_split=None, min_samples_leaf=1,
                      min_samples_split=2, min_weight_fraction_leaf=0.0,
                      n_estimators=5, n_jobs=-1, oob_score=True, random_state=0,
                      verbose=0, warm_start=False)","RandomForestRegressor(bootstrap=True, ccp_alpha=0.0, criterion='mse',
                      max_depth=10, max_features=500, max_leaf_nodes=None,
                      max_samples=None, min_impurity_decrease=0.0,
                      min_impurity_split=None, min_samples_leaf=1,
                      min_samples_split=2, min_weight_fraction_leaf=0.0,
                      n_estimators=5, n_jobs=-1, oob_score=True, random_state=0,
                      verbose=0, warm_start=False)"
4,"ExtraTreesRegressor(bootstrap=False, ccp_alpha=0.0, criterion='mse',
                    max_depth=None, max_features=None, max_leaf_nodes=None,
                    max_samples=None, min_impurity_decrease=0.0,
                    min_impurity_split=None, min_samples_leaf=1,
                    min_samples_split=2, min_weight_fraction_leaf=0.0,
                    n_estimators=5, n_jobs=-1, oob_score=False, random_state=0,
                    verbose=0, warm_start=False)","RandomForestRegressor(bootstrap=True, ccp_alpha=0.0, criterion='mse',
                      max_depth=10, max_features=100, max_leaf_nodes=None,
                      max_samples=None, min_impurity_decrease=0.0,
                      min_impurity_split=None, min_samples_leaf=1,
                      min_samples_split=2, min_weight_fraction_leaf=0.0,
                      n_estimators=5, n_jobs=-1, oob_score=True, random_state=0,
                      verbose=0, warm_start=False)","RandomForestRegressor(bootstrap=True, ccp_alpha=0.0, criterion='mse',
                      max_depth=10, max_features=500, max_leaf_nodes=None,
                      max_samples=None, min_impurity_decrease=0.0,
                      min_impurity_split=None, min_samples_leaf=1,
                      min_samples_split=2, min_weight_fraction_leaf=0.0,
                      n_estimators=5, n_jobs=-1, oob_score=True, random_state=0,
                      verbose=0, warm_start=False)"
5,"ExtraTreesRegressor(bootstrap=False, ccp_alpha=0.0, criterion='mse',
                    max_depth=None, max_features=None, max_leaf_nodes=None,
                    max_samples=None, min_impurity_decrease=0.0,
                    min_impurity_split=None, min_samples_leaf=1,
                    min_samples_split=2, min_weight_fraction_leaf=0.0,
                    n_estimators=5, n_jobs=-1, oob_score=False, random_state=0,
                    verbose=0, warm_start=False)","RandomForestRegressor(bootstrap=True, ccp_alpha=0.0, criterion='mse',
                      max_depth=10, max_features=100, max_leaf_nodes=None,
                      max_samples=None, min_impurity_decrease=0.0,
                      min_impurity_split=None, min_samples_leaf=1,
                      min_samples_split=2, min_weight_fraction_leaf=0.0,
                      n_estimators=5, n_jobs=-1, oob_score=True, random_state=0,
                      verbose=0, warm_start=False)","RandomForestRegressor(bootstrap=True, ccp_alpha=0.0, criterion='mse',
                      max_depth=10, max_features=500, max_leaf_nodes=None,
                      max_samples=None, min_impurity_decrease=0.0,
                      min_impurity_split=None, min_samples_leaf=1,
                      min_samples_split=2, min_weight_fraction_leaf=0.0,
                      n_estimators=5, n_jobs=-1, oob_score=True, random_state=0,
                      verbose=0, warm_start=False)"
6,"ExtraTreesRegressor(bootstrap=False, ccp_alpha=0.0, criterion='mse',
                    max_depth=None, max_features=None, max_leaf_nodes=None,
                    max_samples=None, min_impurity_decrease=0.0,
                    min_impurity_split=None, min_samples_leaf=1,
                    min_samples_split=2, min_weight_fraction_leaf=0.0,
                    n_estimators=5, n_jobs=-1, oob_score=False, random_state=0,
                    verbose=0, warm_start=False)","RandomForestRegressor(bootstrap=True, ccp_alpha=0.0, criterion='mse',
                      max_depth=10, max_features=100, max_leaf_nodes=None,
                      max_samples=None, min_impurity_decrease=0.0,
                      min_impurity_split=None, min_samples_leaf=1,
                      min_samples_split=2, min_weight_fraction_leaf=0.0,
                      n_estimators=5, n_jobs=-1, oob_score=True, random_state=0,
                      verbose=0, warm_start=False)","RandomForestRegressor(bootstrap=True, ccp_alpha=0.0, criterion='mse',
                      max_depth=10, max_features=500, max_leaf_nodes=None,
                      max_samples=None, min_impurity_decrease=0.0,
                      min_impurity_split=None, min_samples_leaf=1,
                      min_samples_split=2, min_weight_fraction_leaf=0.0,
                      n_estimators=5, n_jobs=-1, oob_score=True, random_state=0,
                      verbose=0, warm_start=False)"
7,"ExtraTreesRegressor(bootstrap=False, ccp_alpha=0.0, criterion='mse',
                    max_depth=None, max_features=None, max_leaf_nodes=None,
                    max_samples=None, min_impurity_decrease=0.0,
                    min_impurity_split=None, min_samples_leaf=1,
                    min_samples_split=2, min_weight_fraction_leaf=0.0,
                    n_estimators=5, n_jobs=-1, oob_score=False, random_state=0,
                    verbose=0, warm_start=False)","RandomForestRegressor(bootstrap=True, ccp_alpha=0.0, criterion='mse',
                      max_depth=10, max_features=100, max_leaf_nodes=None,
                      max_samples=None, min_impurity_decrease=0.0,
                      min_impurity_split=None, min_samples_leaf=1,
                      min_samples_split=2, min_weight_fraction_leaf=0.0,
                      n_estimators=5, n_jobs=-1, oob_score=True, random_state=0,
                      verbose=0, warm_start=False)","RandomForestRegressor(bootstrap=True, ccp_alpha=0.0, criterion='mse',
                      max_depth=10, max_features=500, max_leaf_nodes=None,
                      max_samples=None, min_impurity_decrease=0.0,
                      min_impurity_split=None, min_samples_leaf=1,
                      min_samples_split=2, min_weight_fraction_leaf=0.0,
                      n_estimators=5, n_jobs=-1, oob_score=True, random_state=0,
                      verbose=0, warm_start=False)"
8,"ExtraTreesRegressor(bootstrap=False, ccp_alpha=0.0, criterion='mse',
                    max_depth=None, max_features=None, max_leaf_nodes=None,
                    max_samples=None, min_impurity_decrease=0.0,
                    min_impurity_split=None, min_samples_leaf=1,
                    min_samples_split=2, min_weight_fraction_leaf=0.0,
                    n_estimators=5, n_jobs=-1, oob_score=False, random_state=0,
                    verbose=0, warm_start=False)","RandomForestRegressor(bootstrap=True, ccp_alpha=0.0, criterion='mse',
                      max_depth=10, max_features=100, max_leaf_nodes=None,
                      max_samples=None, min_impurity_decrease=0.0,
                      min_impurity_split=None, min_samples_leaf=1,
                      min_samples_split=2, min_weight_fraction_leaf=0.0,
                      n_estimators=5, n_jobs=-1, oob_score=True, random_state=0,
                      verbose=0, warm_start=False)","RandomForestRegressor(bootstrap=True, ccp_alpha=0.0, criterion='mse',
                      max_depth=10, max_features=500, max_leaf_nodes=None,
                      max_samples=None, min_impurity_decrease=0.0,
                      min_impurity_split=None, min_samples_leaf=1,
                      min_samples_split=2, min_weight_fraction_leaf=0.0,
                      n_estimators=5, n_jobs=-1, oob_score=True, random_state=0,
                      verbose=0, warm_start=False)"
9,"ExtraTreesRegressor(bootstrap=False, ccp_alpha=0.0, criterion='mse',
                    max_depth=None, max_features=None, max_leaf_nodes=None,
                    max_samples=None, min_impurity_decrease=0.0,
                    min_impurity_split=None, min_samples_leaf=1,
                    min_samples_split=2, min_weight_fraction_leaf=0.0,
                    n_estimators=5, n_jobs=-1, oob_score=False, random_state=0,
                    verbose=0, warm_start=False)","RandomForestRegressor(bootstrap=True, ccp_alpha=0.0, criterion='mse',
                      max_depth=10, max_features=100, max_leaf_nodes=None,
                      max_samples=None, min_impurity_decrease=0.0,
                      min_impurity_split=None, min_samples_leaf=1,
                      min_samples_split=2, min_weight_fraction_leaf=0.0,
                      n_estimators=5, n_jobs=-1, oob_score=True, random_state=0,
                      verbose=0, warm_start=False)","RandomForestRegressor(bootstrap=True, ccp_alpha=0.0, criterion='mse',
                      max_depth=10, max_features=500, max_leaf_nodes=None,
                      max_samples=None, min_impurity_decrease=0.0,
                      min_impurity_split=None, min_samples_leaf=1,
                      min_samples_split=2, min_weight_fraction_leaf=0.0,
                      n_estimators=5, n_jobs=-1, oob_score=True, random_state=0,
                      verbose=0, warm_start=False)"
10,"ExtraTreesRegressor(bootstrap=False, ccp_alpha=0.0, criterion='mse',
                    max_depth=None, max_features=None, max_leaf_nodes=None,
                    max_samples=None, min_impurity_decrease=0.0,
                    min_impurity_split=None, min_samples_leaf=1,
                    min_samples_split=2, min_weight_fraction_leaf=0.0,
                    n_estimators=5, n_jobs=-1, oob_score=False, random_state=0,
                    verbose=0, warm_start=False)","RandomForestRegressor(bootstrap=True, ccp_alpha=0.0, criterion='mse',
                      max_depth=10, max_features=100, max_leaf_nodes=None,
                      max_samples=None, min_impurity_decrease=0.0,
                      min_impurity_split=None, min_samples_leaf=1,
                      min_samples_split=2, min_weight_fraction_leaf=0.0,
                      n_estimators=5, n_jobs=-1, oob_score=True, random_state=0,
                      verbose=0, warm_start=False)","RandomForestRegressor(bootstrap=True, ccp_alpha=0.0, criterion='mse',
                      max_depth=10, max_features=500, max_leaf_nodes=None,
                      max_samples=None, min_impurity_decrease=0.0,
                      min_impurity_split=None, min_samples_leaf=1,
                      min_samples_split=2, min_weight_fraction_leaf=0.0,
                      n_estimators=5, n_jobs=-1, oob_score=True, random_state=0,
                      verbose=0, warm_start=False)"
11,"ExtraTreesRegressor(bootstrap=False, ccp_alpha=0.0, criterion='mse',
                    max_depth=None, max_features=None, max_leaf_nodes=None,
                    max_samples=None, min_impurity_decrease=0.0,
                    min_impurity_split=None, min_samples_leaf=1,
                    min_samples_split=2, min_weight_fraction_leaf=0.0,
                    n_estimators=5, n_jobs=-1, oob_score=False, random_state=0,
                    verbose=0, warm_start=False)","RandomForestRegressor(bootstrap=True, ccp_alpha=0.0, criterion='mse',
                      max_depth=10, max_features=100, max_leaf_nodes=None,
                      max_samples=None, min_impurity_decrease=0.0,
                      min_impurity_split=None, min_samples_leaf=1,
                      min_samples_split=2, min_weight_fraction_leaf=0.0,
                      n_estimators=5, n_jobs=-1, oob_score=True, random_state=0,
                      verbose=0, warm_start=False)","RandomForestRegressor(bootstrap=True, ccp_alpha=0.0, criterion='mse',
                      max_depth=10, max_features=500, max_leaf_nodes=None,
                      max_samples=None, min_impurity_decrease=0.0,
                      min_impurity_split=None, min_samples_leaf=1,
                      min_samples_split=2, min_weight_fraction_leaf=0.0,
                      n_estimators=5, n_jobs=-1, oob_score=True, random_state=0,
                      verbose=0, warm_start=False)"
12,"ExtraTreesRegressor(bootstrap=False, ccp_alpha=0.0, criterion='mse',
                    max_depth=None, max_features=None, max_leaf_nodes=None,
                    max_samples=None, min_impurity_decrease=0.0,
                    min_impurity_split=None, min_samples_leaf=1,
                    min_samples_split=2, min_weight_fraction_leaf=0.0,
                    n_estimators=5, n_jobs=-1, oob_score=False, random_state=0,
                    verbose=0, warm_start=False)","RandomForestRegressor(bootstrap=True, ccp_alpha=0.0, criterion='mse',
                      max_depth=10, max_features=100, max_leaf_nodes=None,
                      max_samples=None, min_impurity_decrease=0.0,
                      min_impurity_split=None, min_samples_leaf=1,
                      min_samples_split=2, min_weight_fraction_leaf=0.0,
                      n_estimators=5, n_jobs=-1, oob_score=True, random_state=0,
                      verbose=0, warm_start=False)","RandomForestRegressor(bootstrap=True, ccp_alpha=0.0, criterion='mse',
                      max_depth=10, max_features=500, max_leaf_nodes=None,
                      max_samples=None, min_impurity_decrease=0.0,
                      min_impurity_split=None, min_samples_leaf=1,
                      min_samples_split=2, min_weight_fraction_leaf=0.0,
                      n_estimators=5, n_jobs=-1, oob_score=True, random_state=0,
                      verbose=0, warm_start=False)"
13,"ExtraTreesRegressor(bootstrap=False, ccp_alpha=0.0, criterion='mse',
                    max_depth=None, max_features=None, max_leaf_nodes=None,
                    max_samples=None, min_impurity_decrease=0.0,
                    min_impurity_split=None, min_samples_leaf=1,
                    min_samples_split=2, min_weight_fraction_leaf=0.0,
                    n_estimators=5, n_jobs=-1, oob_score=False, random_state=0,
                    verbose=0, warm_start=False)","RandomForestRegressor(bootstrap=True, ccp_alpha=0.0, criterion='mse',
                      max_depth=10, max_features=100, max_leaf_nodes=None,
                      max_samples=None, min_impurity_decrease=0.0,
                      min_impurity_split=None, min_samples_leaf=1,
                      min_samples_split=2, min_weight_fraction_leaf=0.0,
                      n_estimators=5, n_jobs=-1, oob_score=True, random_state=0,
                      verbose=0, warm_start=False)","RandomForestRegressor(bootstrap=True, ccp_alpha=0.0, criterion='mse',
                      max_depth=10, max_features=500, max_leaf_nodes=None,
                      max_samples=None, min_impurity_decrease=0.0,
                      min_impurity_split=None, min_samples_leaf=1,
                      min_samples_split=2, min_weight_fraction_leaf=0.0,
                      n_estimators=5, n_jobs=-1, oob_score=True, random_state=0,
                      verbose=0, warm_start=False)"
14,"ExtraTreesRegressor(bootstrap=False, ccp_alpha=0.0, criterion='mse',
                    max_depth=None, max_features=None, max_leaf_nodes=None,
                    max_samples=None, min_impurity_decrease=0.0,
                    min_impurity_split=None, min_samples_leaf=1,
                    min_samples_split=2, min_weight_fraction_leaf=0.0,
                    n_estimators=5, n_jobs=-1, oob_score=False, random_state=0,
                    verbose=0, warm_start=False)","RandomForestRegressor(bootstrap=True, ccp_alpha=0.0, criterion='mse',
                      max_depth=10, max_features=100, max_leaf_nodes=None,
                      max_samples=None, min_impurity_decrease=0.0,
                      min_impurity_split=None, min_samples_leaf=1,
                      min_samples_split=2, min_weight_fraction_leaf=0.0,
                      n_estimators=5, n_jobs=-1, oob_score=True, random_state=0,
                      verbose=0, warm_start=False)","RandomForestRegressor(bootstrap=True, ccp_alpha=0.0, criterion='mse',
                      max_depth=10, max_features=500, max_leaf_nodes=None,
                      max_samples=None, min_impurity_decrease=0.0,
                      min_impurity_split=None, min_samples_leaf=1,
                      min_samples_split=2, min_weight_fraction_leaf=0.0,
                      n_estimators=5, n_jobs=-1, oob_score=True, random_state=0,
                      verbose=0, warm_start=False)"
15,"ExtraTreesRegressor(bootstrap=False, ccp_alpha=0.0, criterion='mse',
                    max_depth=None, max_features=None, max_leaf_nodes=None,
                    max_samples=None, min_impurity_decrease=0.0,
                    min_impurity_split=None, min_samples_leaf=1,
                    min_samples_split=2, min_weight_fraction_leaf=0.0,
                    n_estimators=5, n_jobs=-1, oob_score=False, random_state=0,
                    verbose=0, warm_start=False)","RandomForestRegressor(bootstrap=True, ccp_alpha=0.0, criterion='mse',
                      max_depth=10, max_features=100, max_leaf_nodes=None,
                      max_samples=None, min_impurity_decrease=0.0,
                      min_impurity_split=None, min_samples_leaf=1,
                      min_samples_split=2, min_weight_fraction_leaf=0.0,
                      n_estimators=5, n_jobs=-1, oob_score=True, random_state=0,
                      verbose=0, warm_start=False)","RandomForestRegressor(bootstrap=True, ccp_alpha=0.0, criterion='mse',
                      max_depth=10, max_features=500, max_leaf_nodes=None,
                      max_samples=None, min_impurity_decrease=0.0,
                      min_impurity_split=None, min_samples_leaf=1,
                      min_samples_split=2, min_weight_fraction_leaf=0.0,
                      n_estimators=5, n_jobs=-1, oob_score=True, random_state=0,
                      verbose=0, warm_start=False)"
16,"ExtraTreesRegressor(bootstrap=False, ccp_alpha=0.0, criterion='mse',
                    max_depth=None, max_features=None, max_leaf_nodes=None,
                    max_samples=None, min_impurity_decrease=0.0,
                    min_impurity_split=None, min_samples_leaf=1,
                    min_samples_split=2, min_weight_fraction_leaf=0.0,
                    n_estimators=5, n_jobs=-1, oob_score=False, random_state=0,
                    verbose=0, warm_start=False)","RandomForestRegressor(bootstrap=True, ccp_alpha=0.0, criterion='mse',
                      max_depth=10, max_features=100, max_leaf_nodes=None,
                      max_samples=None, min_impurity_decrease=0.0,
                      min_impurity_split=None, min_samples_leaf=1,
                      min_samples_split=2, min_weight_fraction_leaf=0.0,
                      n_estimators=5, n_jobs=-1, oob_score=True, random_state=0,
                      verbose=0, warm_start=False)","RandomForestRegressor(bootstrap=True, ccp_alpha=0.0, criterion='mse',
                      max_depth=10, max_features=500, max_leaf_nodes=None,
                      max_samples=None, min_impurity_decrease=0.0,
                      min_impurity_split=None, min_samples_leaf=1,
                      min_samples_split=2, min_weight_fraction_leaf=0.0,
                      n_estimators=5, n_jobs=-1, oob_score=True, random_state=0,
                      verbose=0, warm_start=False)"
17,"ExtraTreesRegressor(bootstrap=False, ccp_alpha=0.0, criterion='mse',
                    max_depth=None, max_features=None, max_leaf_nodes=None,
                    max_samples=None, min_impurity_decrease=0.0,
                    min_impurity_split=None, min_samples_leaf=1,
                    min_samples_split=2, min_weight_fraction_leaf=0.0,
                    n_estimators=5, n_jobs=-1, oob_score=False, random_state=0,
                    verbose=0, warm_start=False)","RandomForestRegressor(bootstrap=True, ccp_alpha=0.0, criterion='mse',
                      max_depth=10, max_features=100, max_leaf_nodes=None,
                      max_samples=None, min_impurity_decrease=0.0,
                      min_impurity_split=None, min_samples_leaf=1,
                      min_samples_split=2, min_weight_fraction_leaf=0.0,
                      n_estimators=5, n_jobs=-1, oob_score=True, random_state=0,
                      verbose=0, warm_start=False)","RandomForestRegressor(bootstrap=True, ccp_alpha=0.0, criterion='mse',
                      max_depth=10, max_features=500, max_leaf_nodes=None,
                      max_samples=None, min_impurity_decrease=0.0,
                      min_impurity_split=None, min_samples_leaf=1,
                      min_samples_split=2, min_weight_fraction_leaf=0.0,
                      n_estimators=5, n_jobs=-1, oob_score=True, random_state=0,
                      verbose=0, warm_start=False)"
18,"ExtraTreesRegressor(bootstrap=False, ccp_alpha=0.0, criterion='mse',
                    max_depth=None, max_features=None, max_leaf_nodes=None,
                    max_samples=None, min_impurity_decrease=0.0,
                    min_impurity_split=None, min_samples_leaf=1,
                    min_samples_split=2, min_weight_fraction_leaf=0.0,
                    n_estimators=5, n_jobs=-1, oob_score=False, random_state=0,
                    verbose=0, warm_start=False)","RandomForestRegressor(bootstrap=True, ccp_alpha=0.0, criterion='mse',
                      max_depth=10, max_features=100, max_leaf_nodes=None,
                      max_samples=None, min_impurity_decrease=0.0,
                      min_impurity_split=None, min_samples_leaf=1,
                      min_samples_split=2, min_weight_fraction_leaf=0.0,
                      n_estimators=5, n_jobs=-1, oob_score=True, random_state=0,
                      verbose=0, warm_start=False)","RandomForestRegressor(bootstrap=True, ccp_alpha=0.0, criterion='mse',
                      max_depth=10, max_features=500, max_leaf_nodes=None,
                      max_samples=None, min_impurity_decrease=0.0,
                      min_impurity_split=None, min_samples_leaf=1,
                      min_samples_split=2, min_weight_fraction_leaf=0.0,
                      n_estimators=5, n_jobs=-1, oob_score=True, random_state=0,
                      verbose=0, warm_start=False)"
19,"ExtraTreesRegressor(bootstrap=False, ccp_alpha=0.0, criterion='mse',
                    max_depth=None, max_features=None, max_leaf_nodes=None,
                    max_samples=None, min_impurity_decrease=0.0,
                    min_impurity_split=None, min_samples_leaf=1,
                    min_samples_split=2, min_weight_fraction_leaf=0.0,
                    n_estimators=5, n_jobs=-1, oob_score=False, random_state=0,
                    verbose=0, warm_start=False)","RandomForestRegressor(bootstrap=True, ccp_alpha=0.0, criterion='mse',
                      max_depth=10, max_features=100, max_leaf_nodes=None,
                      max_samples=None, min_impurity_decrease=0.0,
                      min_impurity_split=None, min_samples_leaf=1,
                      min_samples_split=2, min_weight_fraction_leaf=0.0,
                      n_estimators=5, n_jobs=-1, oob_score=True, random_state=0,
                      verbose=0, warm_start=False)","RandomForestRegressor(bootstrap=True, ccp_alpha=0.0, criterion='mse',
                      max_depth=10, max_features=500, max_leaf_nodes=None,
                      max_samples=None, min_impurity_decrease=0.0,
                      min_impurity_split=None, min_samples_leaf=1,
                      min_samples_split=2, min_weight_fraction_leaf=0.0,
                      n_estimators=5, n_jobs=-1, oob_score=True, random_state=0,
                      verbose=0, warm_start=False)"
20,"ExtraTreesRegressor(bootstrap=False, ccp_alpha=0.0, criterion='mse',
                    max_depth=None, max_features=None, max_leaf_nodes=None,
                    max_samples=None, min_impurity_decrease=0.0,
                    min_impurity_split=None, min_samples_leaf=1,
                    min_samples_split=2, min_weight_fraction_leaf=0.0,
                    n_estimators=5, n_jobs=-1, oob_score=False, random_state=0,
                    verbose=0, warm_start=False)","RandomForestRegressor(bootstrap=True, ccp_alpha=0.0, criterion='mse',
                      max_depth=10, max_features=100, max_leaf_nodes=None,
                      max_samples=None, min_impurity_decrease=0.0,
                      min_impurity_split=None, min_samples_leaf=1,
                      min_samples_split=2, min_weight_fraction_leaf=0.0,
                      n_estimators=5, n_jobs=-1, oob_score=True, random_state=0,
                      verbose=0, warm_start=False)","RandomForestRegressor(bootstrap=True, ccp_alpha=0.0, criterion='mse',
                      max_depth=10, max_features=500, max_leaf_nodes=None,
                      max_samples=None, min_impurity_decrease=0.0,
                      min_impurity_split=None, min_samples_leaf=1,
                      min_samples_split=2, min_weight_fraction_leaf=0.0,
                      n_estimators=5, n_jobs=-1, oob_score=True, random_state=0,
                      verbose=0, warm_start=False)"
21,"ExtraTreesRegressor(bootstrap=False, ccp_alpha=0.0, criterion='mse',
                    max_depth=None, max_features=None, max_leaf_nodes=None,
                    max_samples=None, min_impurity_decrease=0.0,
                    min_impurity_split=None, min_samples_leaf=1,
                    min_samples_split=2, min_weight_fraction_leaf=0.0,
                    n_estimators=5, n_jobs=-1, oob_score=False, random_state=0,
                    verbose=0, warm_start=False)","RandomForestRegressor(bootstrap=True, ccp_alpha=0.0, criterion='mse',
                      max_depth=10, max_features=100, max_leaf_nodes=None,
                      max_samples=None, min_impurity_decrease=0.0,
                      min_impurity_split=None, min_samples_leaf=1,
                      min_samples_split=2, min_weight_fraction_leaf=0.0,
                      n_estimators=5, n_jobs=-1, oob_score=True, random_state=0,
                      verbose=0, warm_start=False)","RandomForestRegressor(bootstrap=True, ccp_alpha=0.0, criterion='mse',
                      max_depth=10, max_features=500, max_leaf_nodes=None,
                      max_samples=None, min_impurity_decrease=0.0,
                      min_impurity_split=None, min_samples_leaf=1,
                      min_samples_split=2, min_weight_fraction_leaf=0.0,
                      n_estimators=5, n_jobs=-1, oob_score=True, random_state=0,
                      verbose=0, warm_start=False)"
22,"ExtraTreesRegressor(bootstrap=False, ccp_alpha=0.0, criterion='mse',
                    max_depth=None, max_features=None, max_leaf_nodes=None,
                    max_samples=None, min_impurity_decrease=0.0,
                    min_impurity_split=None, min_samples_leaf=1,
                    min_samples_split=2, min_weight_fraction_leaf=0.0,
                    n_estimators=5, n_jobs=-1, oob_score=False, random_state=0,
                    verbose=0, warm_start=False)","RandomForestRegressor(bootstrap=True, ccp_alpha=0.0, criterion='mse',
                      max_depth=10, max_features=100, max_leaf_nodes=None,
                      max_samples=None, min_impurity_decrease=0.0,
                      min_impurity_split=None, min_samples_leaf=1,
                      min_samples_split=2, min_weight_fraction_leaf=0.0,
                      n_estimators=5, n_jobs=-1, oob_score=True, random_state=0,
                      verbose=0, warm_start=False)","RandomForestRegressor(bootstrap=True, ccp_alpha=0.0, criterion='mse',
                      max_depth=10, max_features=500, max_leaf_nodes=None,
                      max_samples=None, min_impurity_decrease=0.0,
                      min_impurity_split=None, min_samples_leaf=1,
                      min_samples_split=2, min_weight_fraction_leaf=0.0,
                      n_estimators=5, n_jobs=-1, oob_score=True, random_state=0,
                      verbose=0, warm_start=False)"
23,"ExtraTreesRegressor(bootstrap=False, ccp_alpha=0.0, criterion='mse',
                    max_depth=None, max_features=None, max_leaf_nodes=None,
                    max_samples=None, min_impurity_decrease=0.0,
                    min_impurity_split=None, min_samples_leaf=1,
                    min_samples_split=2, min_weight_fraction_leaf=0.0,
                    n_estimators=5, n_jobs=-1, oob_score=False, random_state=0,
                    verbose=0, warm_start=False)","RandomForestRegressor(bootstrap=True, ccp_alpha=0.0, criterion='mse',
                      max_depth=10, max_features=100, max_leaf_nodes=None,
                      max_samples=None, min_impurity_decrease=0.0,
                      min_impurity_split=None, min_samples_leaf=1,
                      min_samples_split=2, min_weight_fraction_leaf=0.0,
                      n_estimators=5, n_jobs=-1, oob_score=True, random_state=0,
                      verbose=0, warm_start=False)","RandomForestRegressor(bootstrap=True, ccp_alpha=0.0, criterion='mse',
                      max_depth=10, max_features=500, max_leaf_nodes=None,
                      max_samples=None, min_impurity_decrease=0.0,
                      min_impurity_split=None, min_samples_leaf=1,
                      min_samples_split=2, min_weight_fraction_leaf=0.0,
                      n_estimators=5, n_jobs=-1, oob_score=True, random_state=0,
                      verbose=0, warm_start=False)"
24,"ExtraTreesRegressor(bootstrap=False, ccp_alpha=0.0, criterion='mse',
                    max_depth=None, max_features=None, max_leaf_nodes=None,
                    max_samples=None, min_impurity_decrease=0.0,
                    min_impurity_split=None, min_samples_leaf=1,
                    min_samples_split=2, min_weight_fraction_leaf=0.0,
                    n_estimators=5, n_jobs=-1, oob_score=False, random_state=0,
                    verbose=0, warm_start=False)","RandomForestRegressor(bootstrap=True, ccp_alpha=0.0, criterion='mse',
                      max_depth=10, max_features=100, max_leaf_nodes=None,
                      max_samples=None, min_impurity_decrease=0.0,
                      min_impurity_split=None, min_samples_leaf=1,
                      min_samples_split=2, min_weight_fraction_leaf=0.0,
                      n_estimators=5, n_jobs=-1, oob_score=True, random_state=0,
                      verbose=0, warm_start=False)","RandomForestRegressor(bootstrap=True, ccp_alpha=0.0, criterion='mse',
                      max_depth=10, max_features=500, max_leaf_nodes=None,
                      max_samples=None, min_impurity_decrease=0.0,
                      min_impurity_split=None, min_samples_leaf=1,
                      min_samples_split=2, min_weight_fraction_leaf=0.0,
                      n_estimators=5, n_jobs=-1, oob_score=True, random_state=0,
                      verbose=0, warm_start=False)"
25,"ExtraTreesRegressor(bootstrap=False, ccp_alpha=0.0, criterion='mse',
                    max_depth=None, max_features=None, max_leaf_nodes=None,
                    max_samples=None, min_impurity_decrease=0.0,
                    min_impurity_split=None, min_samples_leaf=1,
                    min_samples_split=2, min_weight_fraction_leaf=0.0,
                    n_estimators=5, n_jobs=-1, oob_score=False, random_state=0,
                    verbose=0, warm_start=False)","RandomForestRegressor(bootstrap=True, ccp_alpha=0.0, criterion='mse',
                      max_depth=10, max_features=100, max_leaf_nodes=None,
                      max_samples=None, min_impurity_decrease=0.0,
                      min_impurity_split=None, min_samples_leaf=1,
                      min_samples_split=2, min_weight_fraction_leaf=0.0,
                      n_estimators=5, n_jobs=-1, oob_score=True, random_state=0,
                      verbose=0, warm_start=False)","RandomForestRegressor(bootstrap=True, ccp_alpha=0.0, criterion='mse',
                      max_depth=10, max_features=500, max_leaf_nodes=None,
                      max_samples=None, min_impurity_decrease=0.0,
                      min_impurity_split=None, min_samples_leaf=1,
                      min_samples_split=2, min_weight_fraction_leaf=0.0,
                      n_estimators=5, n_jobs=-1, oob_score=True, random_state=0,
                      verbose=0, warm_start=False)"
26,"ExtraTreesRegressor(bootstrap=False, ccp_alpha=0.0, criterion='mse',
                    max_depth=None, max_features=None, max_leaf_nodes=None,
                    max_samples=None, min_impurity_decrease=0.0,
                    min_impurity_split=None, min_samples_leaf=1,
                    min_samples_split=2, min_weight_fraction_leaf=0.0,
                    n_estimators=5, n_jobs=-1, oob_score=False, random_state=0,
                    verbose=0, warm_start=False)","RandomForestRegressor(bootstrap=True, ccp_alpha=0.0, criterion='mse',
                      max_depth=10, max_features=100, max_leaf_nodes=None,
                      max_samples=None, min_impurity_decrease=0.0,
                      min_impurity_split=None, min_samples_leaf=1,
                      min_samples_split=2, min_weight_fraction_leaf=0.0,
                      n_estimators=5, n_jobs=-1, oob_score=True, random_state=0,
                      verbose=0, warm_start=False)","RandomForestRegressor(bootstrap=True, ccp_alpha=0.0, criterion='mse',
                      max_depth=10, max_features=500, max_leaf_nodes=None,
                      max_samples=None, min_impurity_decrease=0.0,
                      min_impurity_split=None, min_samples_leaf=1,
                      min_samples_split=2, min_weight_fraction_leaf=0.0,
                      n_estimators=5, n_jobs=-1, oob_score=True, random_state=0,
                      verbose=0, warm_start=False)"
27,"ExtraTreesRegressor(bootstrap=False, ccp_alpha=0.0, criterion='mse',
                    max_depth=None, max_features=None, max_leaf_nodes=None,
                    max_samples=None, min_impurity_decrease=0.0,
                    min_impurity_split=None, min_samples_leaf=1,
                    min_samples_split=2, min_weight_fraction_leaf=0.0,
                    n_estimators=5, n_jobs=-1, oob_score=False, random_state=0,
                    verbose=0, warm_start=False)","RandomForestRegressor(bootstrap=True, ccp_alpha=0.0, criterion='mse',
                      max_depth=10, max_features=100, max_leaf_nodes=None,
                      max_samples=None, min_impurity_decrease=0.0,
                      min_impurity_split=None, min_samples_leaf=1,
                      min_samples_split=2, min_weight_fraction_leaf=0.0,
                      n_estimators=5, n_jobs=-1, oob_score=True, random_state=0,
                      verbose=0, warm_start=False)","RandomForestRegressor(bootstrap=True, ccp_alpha=0.0, criterion='mse',
                      max_depth=10, max_features=500, max_leaf_nodes=None,
                      max_samples=None, min_impurity_decrease=0.0,
                      min_impurity_split=None, min_samples_leaf=1,
                      min_samples_split=2, min_weight_fraction_leaf=0.0,
                      n_estimators=5, n_jobs=-1, oob_score=True, random_state=0,
                      verbose=0, warm_start=False)"
28,"ExtraTreesRegressor(bootstrap=False, ccp_alpha=0.0, criterion='mse',
                    max_depth=None, max_features=None, max_leaf_nodes=None,
                    max_samples=None, min_impurity_decrease=0.0,
                    min_impurity_split=None, min_samples_leaf=1,
                    min_samples_split=2, min_weight_fraction_leaf=0.0,
                    n_estimators=5, n_jobs=-1, oob_score=False, random_state=0,
                    verbose=0, warm_start=False)","RandomForestRegressor(bootstrap=True, ccp_alpha=0.0, criterion='mse',
                      max_depth=10, max_features=100, max_leaf_nodes=None,
                      max_samples=None, min_impurity_decrease=0.0,
                      min_impurity_split=None, min_samples_leaf=1,
                      min_samples_split=2, min_weight_fraction_leaf=0.0,
                      n_estimators=5, n_jobs=-1, oob_score=True, random_state=0,
                      verbose=0, warm_start=False)","RandomForestRegressor(bootstrap=True, ccp_alpha=0.0, criterion='mse',
                      max_depth=10, max_features=500, max_leaf_nodes=None,
                      max_samples=None, min_impurity_decrease=0.0,
                      min_impurity_split=None, min_samples_leaf=1,
                      min_samples_split=2, min_weight_fraction_leaf=0.0,
                      n_estimators=5, n_jobs=-1, oob_score=True, random_state=0,
                      verbose=0, warm_start=False)"
29,"ExtraTreesRegressor(bootstrap=False, ccp_alpha=0.0, criterion='mse',
                    max_depth=None, max_features=None, max_leaf_nodes=None,
                    max_samples=None, min_impurity_decrease=0.0,
                    min_impurity_split=None, min_samples_leaf=1,
                    min_samples_split=2, min_weight_fraction_leaf=0.0,
                    n_estimators=5, n_jobs=-1, oob_score=False, random_state=0,
                    verbose=0, warm_start=False)","RandomForestRegressor(bootstrap=True, ccp_alpha=0.0, criterion='mse',
                      max_depth=10, max_features=100, max_leaf_nodes=None,
                      max_samples=None, min_impurity_decrease=0.0,
                      min_impurity_split=None, min_samples_leaf=1,
                      min_samples_split=2, min_weight_fraction_leaf=0.0,
                      n_estimators=5, n_jobs=-1, oob_score=True, random_state=0,
                      verbose=0, warm_start=False)","RandomForestRegressor(bootstrap=True, ccp_alpha=0.0, criterion='mse',
                      max_depth=10, max_features=500, max_leaf_nodes=None,
                      max_samples=None, min_impurity_decrease=0.0,
                      min_impurity_split=None, min_samples_leaf=1,
                      min_samples_split=2, min_weight_fraction_leaf=0.0,
                      n_estimators=5, n_jobs=-1, oob_score=True, random_state=0,
                      verbose=0, warm_start=False)"
30,"ExtraTreesRegressor(bootstrap=False, ccp_alpha=0.0, criterion='mse',
                    max_depth=None, max_features=None, max_leaf_nodes=None,
                    max_samples=None, min_impurity_decrease=0.0,
                    min_impurity_split=None, min_samples_leaf=1,
                    min_samples_split=2, min_weight_fraction_leaf=0.0,
                    n_estimators=5, n_jobs=-1, oob_score=False, random_state=0,
                    verbose=0, warm_start=False)","RandomForestRegressor(bootstrap=True, ccp_alpha=0.0, criterion='mse',
                      max_depth=10, max_features=100, max_leaf_nodes=None,
                      max_samples=None, min_impurity_decrease=0.0,
                      min_impurity_split=None, min_samples_leaf=1,
                      min_samples_split=2, min_weight_fraction_leaf=0.0,
                      n_estimators=5, n_jobs=-1, oob_score=True, random_state=0,
                      verbose=0, warm_start=False)","RandomForestRegressor(bootstrap=True, ccp_alpha=0.0, criterion='mse',
                      max_depth=10, max_features=500, max_leaf_nodes=None,
                      max_samples=None, min_impurity_decrease=0.0,
                      min_impurity_split=None, min_samples_leaf=1,
                      min_samples_split=2, min_weight_fraction_leaf=0.0,
                      n_estimators=5, n_jobs=-1, oob_score=True, random_state=0,
                      verbose=0, warm_start=False)"
31,"ExtraTreesRegressor(bootstrap=False, ccp_alpha=0.0, criterion='mse',
                    max_depth=None, max_features=None, max_leaf_nodes=None,
                    max_samples=None, min_impurity_decrease=0.0,
                    min_impurity_split=None, min_samples_leaf=1,
                    min_samples_split=2, min_weight_fraction_leaf=0.0,
                    n_estimators=5, n_jobs=-1, oob_score=False, random_state=0,
                    verbose=0, warm_start=False)","RandomForestRegressor(bootstrap=True, ccp_alpha=0.0, criterion='mse',
                      max_depth=10, max_features=100, max_leaf_nodes=None,
                      max_samples=None, min_impurity_decrease=0.0,
                      min_impurity_split=None, min_samples_leaf=1,
                      min_samples_split=2, min_weight_fraction_leaf=0.0,
                      n_estimators=5, n_jobs=-1, oob_score=True, random_state=0,
                      verbose=0, warm_start=False)","RandomForestRegressor(bootstrap=True, ccp_alpha=0.0, criterion='mse',
                      max_depth=10, max_features=500, max_leaf_nodes=None,
                      max_samples=None, min_impurity_decrease=0.0,
                      min_impurity_split=None, min_samples_leaf=1,
                      min_samples_split=2, min_weight_fraction_leaf=0.0,
                      n_estimators=5, n_jobs=-1, oob_score=True, random_state=0,
                      verbose=0, warm_start=False)"
32,"ExtraTreesRegressor(bootstrap=False, ccp_alpha=0.0, criterion='mse',
                    max_depth=None, max_features=None, max_leaf_nodes=None,
                    max_samples=None, min_impurity_decrease=0.0,
                    min_impurity_split=None, min_samples_leaf=1,
                    min_samples_split=2, min_weight_fraction_leaf=0.0,
                    n_estimators=5, n_jobs=-1, oob_score=False, random_state=0,
                    verbose=0, warm_start=False)","RandomForestRegressor(bootstrap=True, ccp_alpha=0.0, criterion='mse',
                      max_depth=10, max_features=100, max_leaf_nodes=None,
                      max_samples=None, min_impurity_decrease=0.0,
                      min_impurity_split=None, min_samples_leaf=1,
                      min_samples_split=2, min_weight_fraction_leaf=0.0,
                      n_estimators=5, n_jobs=-1, oob_score=True, random_state=0,
                      verbose=0, warm_start=False)","RandomForestRegressor(bootstrap=True, ccp_alpha=0.0, criterion='mse',
                      max_depth=10, max_features=500, max_leaf_nodes=None,
                      max_samples=None, min_impurity_decrease=0.0,
                      min_impurity_split=None, min_samples_leaf=1,
                      min_samples_split=2, min_weight_fraction_leaf=0.0,
                      n_estimators=5, n_jobs=-1, oob_score=True, random_state=0,
                      verbose=0, warm_start=False)"
33,"ExtraTreesRegressor(bootstrap=False, ccp_alpha=0.0, criterion='mse',
                    max_depth=None, max_features=None, max_leaf_nodes=None,
                    max_samples=None, min_impurity_decrease=0.0,
                    min_impurity_split=None, min_samples_leaf=1,
                    min_samples_split=2, min_weight_fraction_leaf=0.0,
                    n_estimators=5, n_jobs=-1, oob_score=False, random_state=0,
                    verbose=0, warm_start=False)","RandomForestRegressor(bootstrap=True, ccp_alpha=0.0, criterion='mse',
                      max_depth=10, max_features=100, max_leaf_nodes=None,
                      max_samples=None, min_impurity_decrease=0.0,
                      min_impurity_split=None, min_samples_leaf=1,
                      min_samples_split=2, min_weight_fraction_leaf=0.0,
                      n_estimators=5, n_jobs=-1, oob_score=True, random_state=0,
                      verbose=0, warm_start=False)","RandomForestRegressor(bootstrap=True, ccp_alpha=0.0, criterion='mse',
                      max_depth=10, max_features=500, max_leaf_nodes=None,
                      max_samples=None, min_impurity_decrease=0.0,
                      min_impurity_split=None, min_samples_leaf=1,
                      min_samples_split=2, min_weight_fraction_leaf=0.0,
                      n_estimators=5, n_jobs=-1, oob_score=True, random_state=0,
                      verbose=0, warm_start=False)"
34,"ExtraTreesRegressor(bootstrap=False, ccp_alpha=0.0, criterion='mse',
                    max_depth=None, max_features=None, max_leaf_nodes=None,
                    max_samples=None, min_impurity_decrease=0.0,
                    min_impurity_split=None, min_samples_leaf=1,
                    min_samples_split=2, min_weight_fraction_leaf=0.0,
                    n_estimators=5, n_jobs=-1, oob_score=False, random_state=0,
                    verbose=0, warm_start=False)","RandomForestRegressor(bootstrap=True, ccp_alpha=0.0, criterion='mse',
                      max_depth=10, max_features=100, max_leaf_nodes=None,
                      max_samples=None, min_impurity_decrease=0.0,
                      min_impurity_split=None, min_samples_leaf=1,
                      min_samples_split=2, min_weight_fraction_leaf=0.0,
                      n_estimators=5, n_jobs=-1, oob_score=True, random_state=0,
                      verbose=0, warm_start=False)","RandomForestRegressor(bootstrap=True, ccp_alpha=0.0, criterion='mse',
                      max_depth=10, max_features=500, max_leaf_nodes=None,
                      max_samples=None, min_impurity_decrease=0.0,
                      min_impurity_split=None, min_samples_leaf=1,
                      min_samples_split=2, min_weight_fraction_leaf=0.0,
                      n_estimators=5, n_jobs=-1, oob_score=True, random_state=0,
                      verbose=0, warm_start=False)"
35,"ExtraTreesRegressor(bootstrap=False, ccp_alpha=0.0, criterion='mse',
                    max_depth=None, max_features=None, max_leaf_nodes=None,
                    max_samples=None, min_impurity_decrease=0.0,
                    min_impurity_split=None, min_samples_leaf=1,
                    min_samples_split=2, min_weight_fraction_leaf=0.0,
                    n_estimators=5, n_jobs=-1, oob_score=False, random_state=0,
                    verbose=0, warm_start=False)","RandomForestRegressor(bootstrap=True, ccp_alpha=0.0, criterion='mse',
                      max_depth=10, max_features=100, max_leaf_nodes=None,
                      max_samples=None, min_impurity_decrease=0.0,
                      min_impurity_split=None, min_samples_leaf=1,
                      min_samples_split=2, min_weight_fraction_leaf=0.0,
                      n_estimators=5, n_jobs=-1, oob_score=True, random_state=0,
                      verbose=0, warm_start=False)","RandomForestRegressor(bootstrap=True, ccp_alpha=0.0, criterion='mse',
                      max_depth=10, max_features=500, max_leaf_nodes=None,
                      max_samples=None, min_impurity_decrease=0.0,
                      min_impurity_split=None, min_samples_leaf=1,
                      min_samples_split=2, min_weight_fraction_leaf=0.0,
                      n_estimators=5, n_jobs=-1, oob_score=True, random_state=0,
                      verbose=0, warm_start=False)"
36,"ExtraTreesRegressor(bootstrap=False, ccp_alpha=0.0, criterion='mse',
                    max_depth=None, max_features=None, max_leaf_nodes=None,
                    max_samples=None, min_impurity_decrease=0.0,
                    min_impurity_split=None, min_samples_leaf=1,
                    min_samples_split=2, min_weight_fraction_leaf=0.0,
                    n_estimators=5, n_jobs=-1, oob_score=False, random_state=0,
                    verbose=0, warm_start=False)","RandomForestRegressor(bootstrap=True, ccp_alpha=0.0, criterion='mse',
                      max_depth=10, max_features=100, max_leaf_nodes=None,
                      max_samples=None, min_impurity_decrease=0.0,
                      min_impurity_split=None, min_samples_leaf=1,
                      min_samples_split=2, min_weight_fraction_leaf=0.0,
                      n_estimators=5, n_jobs=-1, oob_score=True, random_state=0,
                      verbose=0, warm_start=False)","RandomForestRegressor(bootstrap=True, ccp_alpha=0.0, criterion='mse',
                      max_depth=10, max_features=500, max_leaf_nodes=None,
                      max_samples=None, min_impurity_decrease=0.0,
                      min_impurity_split=None, min_samples_leaf=1,
                      min_samples_split=2, min_weight_fraction_leaf=0.0,
                      n_estimators=5, n_jobs=-1, oob_score=True, random_state=0,
                      verbose=0, warm_start=False)"
37,"ExtraTreesRegressor(bootstrap=False, ccp_alpha=0.0, criterion='mse',
                    max_depth=None, max_features=None, max_leaf_nodes=None,
                    max_samples=None, min_impurity_decrease=0.0,
                    min_impurity_split=None, min_samples_leaf=1,
                    min_samples_split=2, min_weight_fraction_leaf=0.0,
                    n_estimators=5, n_jobs=-1, oob_score=False, random_state=0,
                    verbose=0, warm_start=False)","RandomForestRegressor(bootstrap=True, ccp_alpha=0.0, criterion='mse',
                      max_depth=10, max_features=100, max_leaf_nodes=None,
                      max_samples=None, min_impurity_decrease=0.0,
                      min_impurity_split=None, min_samples_leaf=1,
                      min_samples_split=2, min_weight_fraction_leaf=0.0,
                      n_estimators=5, n_jobs=-1, oob_score=True, random_state=0,
                      verbose=0, warm_start=False)","RandomForestRegressor(bootstrap=True, ccp_alpha=0.0, criterion='mse',
                      max_depth=10, max_features=500, max_leaf_nodes=None,
                      max_samples=None, min_impurity_decrease=0.0,
                      min_impurity_split=None, min_samples_leaf=1,
                      min_samples_split=2, min_weight_fraction_leaf=0.0,
                      n_estimators=5, n_jobs=-1, oob_score=True, random_state=0,
                      verbose=0, warm_start=False)"
38,"ExtraTreesRegressor(bootstrap=False, ccp_alpha=0.0, criterion='mse',
                    max_depth=None, max_features=None, max_leaf_nodes=None,
                    max_samples=None, min_impurity_decrease=0.0,
                    min_impurity_split=None, min_samples_leaf=1,
                    min_samples_split=2, min_weight_fraction_leaf=0.0,
                    n_estimators=5, n_jobs=-1, oob_score=False, random_state=0,
                    verbose=0, warm_start=False)","RandomForestRegressor(bootstrap=True, ccp_alpha=0.0, criterion='mse',
                      max_depth=10, max_features=100, max_leaf_nodes=None,
                      max_samples=None, min_impurity_decrease=0.0,
                      min_impurity_split=None, min_samples_leaf=1,
                      min_samples_split=2, min_weight_fraction_leaf=0.0,
                      n_estimators=5, n_jobs=-1, oob_score=True, random_state=0,
                      verbose=0, warm_start=False)","RandomForestRegressor(bootstrap=True, ccp_alpha=0.0, criterion='mse',
                      max_depth=10, max_features=500, max_leaf_nodes=None,
                      max_samples=None, min_impurity_decrease=0.0,
                      min_impurity_split=None, min_samples_leaf=1,
                      min_samples_split=2, min_weight_fraction_leaf=0.0,
                      n_estimators=5, n_jobs=-1, oob_score=True, random_state=0,
                      verbose=0, warm_start=False)"
39,"ExtraTreesRegressor(bootstrap=False, ccp_alpha=0.0, criterion='mse',
                    max_depth=None, max_features=None, max_leaf_nodes=None,
                    max_samples=None, min_impurity_decrease=0.0,
                    min_impurity_split=None, min_samples_leaf=1,
                    min_samples_split=2, min_weight_fraction_leaf=0.0,
                    n_estimators=5, n_jobs=-1, oob_score=False, random_state=0,
                    verbose=0, warm_start=False)","RandomForestRegressor(bootstrap=True, ccp_alpha=0.0, criterion='mse',
                      max_depth=10, max_features=100, max_leaf_nodes=None,
                      max_samples=None, min_impurity_decrease=0.0,
                      min_impurity_split=None, min_samples_leaf=1,
                      min_samples_split=2, min_weight_fraction_leaf=0.0,
                      n_estimators=5, n_jobs=-1, oob_score=True, random_state=0,
                      verbose=0, warm_start=False)","RandomForestRegressor(bootstrap=True, ccp_alpha=0.0, criterion='mse',
                      max_depth=10, max_features=500, max_leaf_nodes=None,
                      max_samples=None, min_impurity_decrease=0.0,
                      min_impurity_split=None, min_samples_leaf=1,
                      min_samples_split=2, min_weight_fraction_leaf=0.0,
                      n_estimators=5, n_jobs=-1, oob_score=True, random_state=0,
                      verbose=0, warm_start=False)"
40,"ExtraTreesRegressor(bootstrap=False, ccp_alpha=0.0, criterion='mse',
                    max_depth=None, max_features=None, max_leaf_nodes=None,
                    max_samples=None, min_impurity_decrease=0.0,
                    min_impurity_split=None, min_samples_leaf=1,
                    min_samples_split=2, min_weight_fraction_leaf=0.0,
                    n_estimators=5, n_jobs=-1, oob_score=False, random_state=0,
                    verbose=0, warm_start=False)","RandomForestRegressor(bootstrap=True, ccp_alpha=0.0, criterion='mse',
                      max_depth=10, max_features=100, max_leaf_nodes=None,
                      max_samples=None, min_impurity_decrease=0.0,
                      min_impurity_split=None, min_samples_leaf=1,
                      min_samples_split=2, min_weight_fraction_leaf=0.0,
                      n_estimators=5, n_jobs=-1, oob_score=True, random_state=0,
                      verbose=0, warm_start=False)","RandomForestRegressor(bootstrap=True, ccp_alpha=0.0, criterion='mse',
                      max_depth=10, max_features=500, max_leaf_nodes=None,
                      max_samples=None, min_impurity_decrease=0.0,
                      min_impurity_split=None, min_samples_leaf=1,
                      min_samples_split=2, min_weight_fraction_leaf=0.0,
                      n_estimators=5, n_jobs=-1, oob_score=True, random_state=0,
                      verbose=0, warm_start=False)"
41,"ExtraTreesRegressor(bootstrap=False, ccp_alpha=0.0, criterion='mse',
                    max_depth=None, max_features=None, max_leaf_nodes=None,
                    max_samples=None, min_impurity_decrease=0.0,
                    min_impurity_split=None, min_samples_leaf=1,
                    min_samples_split=2, min_weight_fraction_leaf=0.0,
                    n_estimators=5, n_jobs=-1, oob_score=False, random_state=0,
                    verbose=0, warm_start=False)","RandomForestRegressor(bootstrap=True, ccp_alpha=0.0, criterion='mse',
                      max_depth=10, max_features=100, max_leaf_nodes=None,
                      max_samples=None, min_impurity_decrease=0.0,
                      min_impurity_split=None, min_samples_leaf=1,
                      min_samples_split=2, min_weight_fraction_leaf=0.0,
                      n_estimators=5, n_jobs=-1, oob_score=True, random_state=0,
                      verbose=0, warm_start=False)","RandomForestRegressor(bootstrap=True, ccp_alpha=0.0, criterion='mse',
                      max_depth=10, max_features=500, max_leaf_nodes=None,
                      max_samples=None, min_impurity_decrease=0.0,
                      min_impurity_split=None, min_samples_leaf=1,
                      min_samples_split=2, min_weight_fraction_leaf=0.0,
                      n_estimators=5, n_jobs=-1, oob_score=True, random_state=0,
                      verbose=0, warm_start=False)"
42,"ExtraTreesRegressor(bootstrap=False, ccp_alpha=0.0, criterion='mse',
                    max_depth=None, max_features=None, max_leaf_nodes=None,
                    max_samples=None, min_impurity_decrease=0.0,
                    min_impurity_split=None, min_samples_leaf=1,
                    min_samples_split=2, min_weight_fraction_leaf=0.0,
                    n_estimators=5, n_jobs=-1, oob_score=False, random_state=0,
                    verbose=0, warm_start=False)","RandomForestRegressor(bootstrap=True, ccp_alpha=0.0, criterion='mse',
                      max_depth=10, max_features=100, max_leaf_nodes=None,
                      max_samples=None, min_impurity_decrease=0.0,
                      min_impurity_split=None, min_samples_leaf=1,
                      min_samples_split=2, min_weight_fraction_leaf=0.0,
                      n_estimators=5, n_jobs=-1, oob_score=True, random_state=0,
                      verbose=0, warm_start=False)","RandomForestRegressor(bootstrap=True, ccp_alpha=0.0, criterion='mse',
                      max_depth=10, max_features=500, max_leaf_nodes=None,
                      max_samples=None, min_impurity_decrease=0.0,
                      min_impurity_split=None, min_samples_leaf=1,
                      min_samples_split=2, min_weight_fraction_leaf=0.0,
                      n_estimators=5, n_jobs=-1, oob_score=True, random_state=0,
                      verbose=0, warm_start=False)"
43,"ExtraTreesRegressor(bootstrap=False, ccp_alpha=0.0, criterion='mse',
                    max_depth=None, max_features=None, max_leaf_nodes=None,
                    max_samples=None, min_impurity_decrease=0.0,
                    min_impurity_split=None, min_samples_leaf=1,
                    min_samples_split=2, min_weight_fraction_leaf=0.0,
                    n_estimators=5, n_jobs=-1, oob_score=False, random_state=0,
                    verbose=0, warm_start=False)","RandomForestRegressor(bootstrap=True, ccp_alpha=0.0, criterion='mse',
                      max_depth=10, max_features=100, max_leaf_nodes=None,
                      max_samples=None, min_impurity_decrease=0.0,
                      min_impurity_split=None, min_samples_leaf=1,
                      min_samples_split=2, min_weight_fraction_leaf=0.0,
                      n_estimators=5, n_jobs=-1, oob_score=True, random_state=0,
                      verbose=0, warm_start=False)","RandomForestRegressor(bootstrap=True, ccp_alpha=0.0, criterion='mse',
                      max_depth=10, max_features=500, max_leaf_nodes=None,
                      max_samples=None, min_impurity_decrease=0.0,
                      min_impurity_split=None, min_samples_leaf=1,
                      min_samples_split=2, min_weight_fraction_leaf=0.0,
                      n_estimators=5, n_jobs=-1, oob_score=True, random_state=0,
                      verbose=0, warm_start=False)"
44,"ExtraTreesRegressor(bootstrap=False, ccp_alpha=0.0, criterion='mse',
                    max_depth=None, max_features=None, max_leaf_nodes=None,
                    max_samples=None, min_impurity_decrease=0.0,
                    min_impurity_split=None, min_samples_leaf=1,
                    min_samples_split=2, min_weight_fraction_leaf=0.0,
                    n_estimators=5, n_jobs=-1, oob_score=False, random_state=0,
                    verbose=0, warm_start=False)","RandomForestRegressor(bootstrap=True, ccp_alpha=0.0, criterion='mse',
                      max_depth=10, max_features=100, max_leaf_nodes=None,
                      max_samples=None, min_impurity_decrease=0.0,
                      min_impurity_split=None, min_samples_leaf=1,
                      min_samples_split=2, min_weight_fraction_leaf=0.0,
                      n_estimators=5, n_jobs=-1, oob_score=True, random_state=0,
                      verbose=0, warm_start=False)","RandomForestRegressor(bootstrap=True, ccp_alpha=0.0, criterion='mse',
                      max_depth=10, max_features=500, max_leaf_nodes=None,
                      max_samples=None, min_impurity_decrease=0.0,
                      min_impurity_split=None, min_samples_leaf=1,
                      min_samples_split=2, min_weight_fraction_leaf=0.0,
                      n_estimators=5, n_jobs=-1, oob_score=True, random_state=0,
                      verbose=0, warm_start=False)"
45,"ExtraTreesRegressor(bootstrap=False, ccp_alpha=0.0, criterion='mse',
                    max_depth=None, max_features=None, max_leaf_nodes=None,
                    max_samples=None, min_impurity_decrease=0.0,
                    min_impurity_split=None, min_samples_leaf=1,
                    min_samples_split=2, min_weight_fraction_leaf=0.0,
                    n_estimators=5, n_jobs=-1, oob_score=False, random_state=0,
                    verbose=0, warm_start=False)","RandomForestRegressor(bootstrap=True, ccp_alpha=0.0, criterion='mse',
                      max_depth=10, max_features=100, max_leaf_nodes=None,
                      max_samples=None, min_impurity_decrease=0.0,
                      min_impurity_split=None, min_samples_leaf=1,
                      min_samples_split=2, min_weight_fraction_leaf=0.0,
                      n_estimators=5, n_jobs=-1, oob_score=True, random_state=0,
                      verbose=0, warm_start=False)","RandomForestRegressor(bootstrap=True, ccp_alpha=0.0, criterion='mse',
                      max_depth=10, max_features=500, max_leaf_nodes=None,
                      max_samples=None, min_impurity_decrease=0.0,
                      min_impurity_split=None, min_samples_leaf=1,
                      min_samples_split=2, min_weight_fraction_leaf=0.0,
                      n_estimators=5, n_jobs=-1, oob_score=True, random_state=0,
                      verbose=0, warm_start=False)"
46,"ExtraTreesRegressor(bootstrap=False, ccp_alpha=0.0, criterion='mse',
                    max_depth=None, max_features=None, max_leaf_nodes=None,
                    max_samples=None, min_impurity_decrease=0.0,
                    min_impurity_split=None, min_samples_leaf=1,
                    min_samples_split=2, min_weight_fraction_leaf=0.0,
                    n_estimators=5, n_jobs=-1, oob_score=False, random_state=0,
                    verbose=0, warm_start=False)","RandomForestRegressor(bootstrap=True, ccp_alpha=0.0, criterion='mse',
                      max_depth=10, max_features=100, max_leaf_nodes=None,
                      max_samples=None, min_impurity_decrease=0.0,
                      min_impurity_split=None, min_samples_leaf=1,
                      min_samples_split=2, min_weight_fraction_leaf=0.0,
                      n_estimators=5, n_jobs=-1, oob_score=True, random_state=0,
                      verbose=0, warm_start=False)","RandomForestRegressor(bootstrap=True, ccp_alpha=0.0, criterion='mse',
                      max_depth=10, max_features=500, max_leaf_nodes=None,
                      max_samples=None, min_impurity_decrease=0.0,
                      min_impurity_split=None, min_samples_leaf=1,
                      min_samples_split=2, min_weight_fraction_leaf=0.0,
                      n_estimators=5, n_jobs=-1, oob_score=True, random_state=0,
                      verbose=0, warm_start=False)"
47,"ExtraTreesRegressor(bootstrap=False, ccp_alpha=0.0, criterion='mse',
                    max_depth=None, max_features=None, max_leaf_nodes=None,
                    max_samples=None, min_impurity_decrease=0.0,
                    min_impurity_split=None, min_samples_leaf=1,
                    min_samples_split=2, min_weight_fraction_leaf=0.0,
                    n_estimators=5, n_jobs=-1, oob_score=False, random_state=0,
                    verbose=0, warm_start=False)","RandomForestRegressor(bootstrap=True, ccp_alpha=0.0, criterion='mse',
                      max_depth=10, max_features=100, max_leaf_nodes=None,
                      max_samples=None, min_impurity_decrease=0.0,
                      min_impurity_split=None, min_samples_leaf=1,
                      min_samples_split=2, min_weight_fraction_leaf=0.0,
                      n_estimators=5, n_jobs=-1, oob_score=True, random_state=0,
                      verbose=0, warm_start=False)","RandomForestRegressor(bootstrap=True, ccp_alpha=0.0, criterion='mse',
                      max_depth=10, max_features=500, max_leaf_nodes=None,
                      max_samples=None, min_impurity_decrease=0.0,
                      min_impurity_split=None, min_samples_leaf=1,
                      min_samples_split=2, min_weight_fraction_leaf=0.0,
                      n_estimators=5, n_jobs=-1, oob_score=True, random_state=0,
                      verbose=0, warm_start=False)"
48,"ExtraTreesRegressor(bootstrap=False, ccp_alpha=0.0, criterion='mse',
                    max_depth=None, max_features=None, max_leaf_nodes=None,
                    max_samples=None, min_impurity_decrease=0.0,
                    min_impurity_split=None, min_samples_leaf=1,
                    min_samples_split=2, min_weight_fraction_leaf=0.0,
                    n_estimators=5, n_jobs=-1, oob_score=False, random_state=0,
                    verbose=0, warm_start=False)","RandomForestRegressor(bootstrap=True, ccp_alpha=0.0, criterion='mse',
                      max_depth=10, max_features=100, max_leaf_nodes=None,
                      max_samples=None, min_impurity_decrease=0.0,
                      min_impurity_split=None, min_samples_leaf=1,
                      min_samples_split=2, min_weight_fraction_leaf=0.0,
                      n_estimators=5, n_jobs=-1, oob_score=True, random_state=0,
                      verbose=0, warm_start=False)","RandomForestRegressor(bootstrap=True, ccp_alpha=0.0, criterion='mse',
                      max_depth=10, max_features=500, max_leaf_nodes=None,
                      max_samples=None, min_impurity_decrease=0.0,
                      min_impurity_split=None, min_samples_leaf=1,
                      min_samples_split=2, min_weight_fraction_leaf=0.0,
                      n_estimators=5, n_jobs=-1, oob_score=True, random_state=0,
                      verbose=0, warm_start=False)"
49,"ExtraTreesRegressor(bootstrap=False, ccp_alpha=0.0, criterion='mse',
                    max_depth=None, max_features=None, max_leaf_nodes=None,
                    max_samples=None, min_impurity_decrease=0.0,
                    min_impurity_split=None, min_samples_leaf=1,
                    min_samples_split=2, min_weight_fraction_leaf=0.0,
                    n_estimators=5, n_jobs=-1, oob_score=False, random_state=0,
                    verbose=0, warm_start=False)","RandomForestRegressor(bootstrap=True, ccp_alpha=0.0, criterion='mse',
                      max_depth=10, max_features=100, max_leaf_nodes=None,
                      max_samples=None, min_impurity_decrease=0.0,
                      min_impurity_split=None, min_samples_leaf=1,
                      min_samples_split=2, min_weight_fraction_leaf=0.0,
                      n_estimators=5, n_jobs=-1, oob_score=True, random_state=0,
                      verbose=0, warm_start=False)","RandomForestRegressor(bootstrap=True, ccp_alpha=0.0, criterion='mse',
                      max_depth=10, max_features=500, max_leaf_nodes=None,
                      max_samples=None, min_impurity_decrease=0.0,
                      min_impurity_split=None, min_samples_leaf=1,
                      min_samples_split=2, min_weight_fraction_leaf=0.0,
                      n_estimators=5, n_jobs=-1, oob_score=True, random_state=0,
                      verbose=0, warm_start=False)"
